Name,Category,Hours,Price,Address,Coordinates,URL,Phone
Salalat Zelena,"restaurant;
food;
point_of_interest;
establishment","Sunday 10:00 -  21:00
Monday 10:00 -  21:00
Tuesday 10:00 -  21:00
Wednesday 10:00 -  21:00
Thursday 10:00 -  21:00
Friday 10:00 -  21:00
Saturday 10:00 -  21:00",,"Zelena St, 151, Lviv, Lviv Oblast, 79000","49.80954, 24.061577",https://salalatpimonenka.choiceqr.com/online-menu/section:menyu/deserti,063 887 5658
CHOICE ресторан | банкет-хол,"meal_delivery;
bar;
restaurant;
food;
point_of_interest;
establishment","Sunday 10:00 -  23:00
Monday 10:00 -  23:00
Tuesday 10:00 -  23:00
Wednesday 10:00 -  23:00
Thursday 10:00 -  23:00
Friday 10:00 -  23:00
Saturday 10:00 -  23:00",2,"Bratyslavska St, 52, Kyiv, 02139","50.491848, 30.61108",https://thechoice.kiev.ua/,067 650 4555
Atelier 19. Pizza & lovely food,"restaurant;
food;
point_of_interest;
establishment","Sunday 12:00 -  23:00
Monday 12:00 -  22:00
Tuesday 12:00 -  22:00
Wednesday 12:00 -  22:00
Thursday 12:00 -  22:00
Friday 12:00 -  23:00
Saturday 12:00 -  23:00",2,"Staroievreiska St, 19, Lviv, Lviv Oblast, 79008","49.840736, 24.032806",https://atelier19.choiceqr.com/,096 661 6553
Mamasushi,"restaurant;
food;
point_of_interest;
establishment","Sunday 12:00 -  21:00
Tuesday 12:00 -  21:00
Wednesday 12:00 -  21:00
Thursday 12:00 -  22:00
Friday 12:00 -  22:00
Saturday 12:00 -  21:00",,"Shevchenka St, 21, Lviv, Lviv Oblast, 79000","49.84426, 24.007633",https://mamasushi.choiceqr.com/,098 957 0011
Krumpli Lviv,"restaurant;
food;
point_of_interest;
establishment","Sunday 11:00 - Monday 00:00
Monday 11:00 -  23:00
Tuesday 11:00 -  23:00
Wednesday 11:00 -  23:00
Thursday 11:00 -  23:00
Friday 11:00 - Saturday 00:00
Saturday 11:00 - Sunday 00:00",,"Rynok Square, 38, Lviv, Lviv Oblast, 79000","49.842476, 24.031116",http://krumpli.choiceqr.com/,093 421 1141
Churrasco Grill & Beer,"bar;
meal_delivery;
restaurant;
food;
point_of_interest;
establishment","Sunday 11:00 -  23:00
Monday 11:00 -  23:00
Tuesday 11:00 -  23:00
Wednesday 11:00 -  23:00
Thursday 11:00 -  23:00
Friday 11:00 -  23:00
Saturday 11:00 -  23:00",2,"Halytska St, 13, Lviv, Lviv Oblast, 79000","49.840324, 24.031498",http://churrasco.com.ua/,067 868 8684
Korzo Family. Цукерня-ресторація,"bakery;
cafe;
restaurant;
food;
point_of_interest;
store;
establishment","Sunday 09:00 -  21:00
Monday 09:00 -  21:00
Tuesday 09:00 -  21:00
Wednesday 09:00 -  21:00
Thursday 09:00 -  21:00
Friday 09:00 -  21:00
Saturday 09:00 -  21:00",2,"Vulytsya Korzo, 23, Uzhhorod, Zakarpattia Oblast, 88000","48.624073, 22.29938",https://korzofamily.choiceqr.com/,099 130 4142
New York Street Pizza,"restaurant;
food;
point_of_interest;
establishment","Sunday 10:00 -  22:30
Monday 10:00 -  22:30
Tuesday 10:00 -  22:30
Wednesday 10:00 -  22:30
Thursday 10:00 -  22:30
Friday 10:00 -  22:30
Saturday 10:00 -  22:30",,"Hetmana Mazepy St, 25єЛьвів, Lviv Oblast, 79059","49.872272, 24.041336",https://lv-nysp.choiceqr.com/,098 417 4187
"Dr.Ink , food & drink","bar;
point_of_interest;
establishment","Sunday 17:00 - Monday 01:00
Monday 17:00 - Tuesday 01:00
Tuesday 17:00 - Wednesday 01:00
Wednesday 17:00 - Thursday 01:00
Thursday 17:00 - Friday 02:00
Friday 17:00 - Saturday 02:00
Saturday 14:00 - Sunday 01:00",2,"Yana Zhyzhky St, 6, Lviv, Lviv Oblast, 79008","49.84411, 24.029291",https://drinklvivbar.choiceqr.com/,096 855 8364
Delicateka,"restaurant;
food;
point_of_interest;
establishment","Sunday 11:00 -  22:30
Monday 11:00 -  22:30
Wednesday 11:00 -  22:30
Thursday 11:00 -  22:30
Friday 11:00 -  22:30
Saturday 11:00 -  22:30",2,"Drukarska St, 11, Lviv, Lviv Oblast, 79000","49.84374, 24.031897",http://delikateka.choiceqr.com/delivery,097 127 0560
Bakery,"bakery;
cafe;
store;
point_of_interest;
food;
establishment","Sunday 08:00 -  22:00
Monday 08:00 -  22:00
Tuesday 08:00 -  22:00
Wednesday 08:00 -  22:00
Thursday 08:00 -  22:00
Friday 08:00 -  22:00
Saturday 08:00 -  22:00",2,"Khreshchatyk St, 190, Cherkasy, Cherkasy Oblast, 18007","49.44492, 32.062683",https://instagram.com/bakery_ck,067 009 4008
«Bakery» пекарня-кавʼярня,"bakery;
store;
point_of_interest;
food;
establishment","Sunday 08:00 -  21:00
Monday 08:00 -  21:00
Tuesday 08:00 -  21:00
Wednesday 08:00 -  21:00
Thursday 08:00 -  21:00
Friday 08:00 -  21:00
Saturday 08:00 -  21:00",,"Novoprechystenska St, 55, Cherkasy, Cherkasy Oblast, 18000","49.424763, 32.083897",https://instagram.com/bakery_ck,096 002 4008
Om Nom Nom Vegan Cafe,"restaurant;
food;
point_of_interest;
establishment","Sunday 10:00 -  22:00
Monday 10:00 -  21:00
Tuesday 10:00 -  21:00
Wednesday 10:00 -  21:00
Thursday 10:00 -  21:00
Friday 10:00 -  22:00
Saturday 10:00 -  22:00",2,"Rymlyanyna St, 10, Lviv, Lviv Oblast, 79000","49.83867, 24.037569",https://omnomnom-rymlyanyna.choiceqr.com/menu,063 648 1993
Mushlya,"restaurant;
food;
point_of_interest;
establishment","Sunday 12:00 -  22:00
Monday 12:00 -  22:00
Tuesday 12:00 -  22:00
Wednesday 12:00 -  22:00
Thursday 12:00 -  22:00
Friday 12:00 -  22:00
Saturday 12:00 -  22:00",2,"Mel'nychuka St, 16Б, Ivano-Frankivsk, Ivano-Frankivsk Oblast, 76000","48.921898, 24.71324",https://mushlya4.choiceqr.com/,098 908 2849
Kabuki,"restaurant;
food;
point_of_interest;
establishment","Sunday 11:00 -  22:30
Monday 11:00 -  22:30
Tuesday 11:00 -  22:30
Wednesday 11:00 -  22:30
Thursday 11:00 -  22:30
Friday 11:00 -  22:30
Saturday 11:00 -  22:30",2,"Vul. Vasylya Stusa, 30д, Ivano-Frankivsk, Ivano-Frankivsk Oblast, 76000","48.93185, 24.745962",https://kabuki2.choiceqr.com/,066 645 6252
Borsh,"restaurant;
food;
point_of_interest;
establishment","Sunday 09:00 -  23:00
Monday 09:00 -  23:00
Tuesday 09:00 -  23:00
Wednesday 09:00 -  23:00
Thursday 09:00 -  23:00
Friday 09:00 -  23:00
Saturday 09:00 -  23:00",2,"Katedralna Square, 3, Lviv, Lviv Oblast, 79000","49.841087, 24.030329",,097 423 1719
ZWIN by SHOco.,"restaurant;
cafe;
bar;
store;
food;
point_of_interest;
establishment","Sunday 08:00 -  22:00
Monday 08:00 -  18:00
Tuesday 08:00 -  22:00
Wednesday 08:00 -  22:00
Thursday 08:00 -  22:00
Friday 08:00 -  22:00
Saturday 08:00 -  22:00",,"Kulparkivska St, 200а, Lviv, Lviv Oblast, 79071","49.811363, 23.983044",https://shoco-zwin.choiceqr.com/?fbclid=PAAaYLgxsVvAo9l71JhlV4uyBAavEEi5DFTDZ9LnkT43RWM95INulTJxyo5NA,095 173 3077
Familia Wok&Pasta,"restaurant;
food;
point_of_interest;
establishment","Sunday 11:00 -  21:00
Monday 11:00 -  21:00
Tuesday 11:00 -  21:00
Wednesday 11:00 -  21:00
Thursday 11:00 -  21:00
Friday 11:00 -  21:00
Saturday 11:00 -  21:00",2,"Kryva Lypa Passage, 9, Lviv, Lviv Oblast, 79000","49.840794, 24.026066",https://tiki.choiceqr.com/,098 175 7787
Love&Lviv cafe,"restaurant;
food;
point_of_interest;
establishment","Sunday 10:00 -  22:00
Monday 10:00 -  22:00
Tuesday 10:00 -  22:00
Wednesday 10:00 -  22:00
Thursday 10:00 -  22:00
Friday 10:00 -  22:00
Saturday 10:00 -  22:00",,"Petra Doroshenka St, 66, Lviv, Lviv Oblast, 79000","49.836006, 24.01962",https://loveandlviv.choiceqr.com/,098 715 8851
Bakery пекарня-кав'ярня,"cafe;
bakery;
store;
point_of_interest;
food;
establishment","Sunday 08:00 -  21:00
Monday 08:00 -  21:00
Tuesday 08:00 -  21:00
Wednesday 08:00 -  21:00
Thursday 08:00 -  21:00
Friday 08:00 -  21:00
Saturday 08:00 -  21:00",2,"Marshala Batyts'koho St, 10, Cherkasy, Cherkasy Oblast, 18000","49.429398, 32.016384",https://instagram.com/bakery_ck?utm_medium=copy_link,067 234 4008
Krymsʹka Perepichka Stryysʹka,"bakery;
cafe;
store;
food;
point_of_interest;
establishment","Sunday 09:00 -  20:00
Monday 08:30 -  20:30
Tuesday 08:30 -  20:30
Wednesday 08:30 -  20:30
Thursday 08:30 -  20:30
Friday 08:30 -  20:30
Saturday 08:30 -  20:30",2,"Stryiska St, 111б, Lviv, Lviv Oblast, 79000","49.786545, 24.019",https://crimeanbake.choiceqr.com/,050 527 3301
CODE,"cafe;
store;
food;
point_of_interest;
establishment","Sunday 09:00 -  21:00
Monday 09:00 -  21:00
Tuesday 09:00 -  21:00
Wednesday 09:00 -  21:00
Thursday 09:00 -  21:00
Friday 09:00 -  21:00
Saturday 09:00 -  21:00",,"Kniazia Romana St, 16, Lviv, Lviv Oblast, 79000","49.83833, 24.032343",https://code.choiceqr.com/,063 064 8424
Cukor BLACK,"cafe;
meal_delivery;
bar;
bakery;
store;
restaurant;
food;
point_of_interest;
establishment","Sunday 08:30 -  20:00
Monday 08:30 -  18:00
Tuesday 08:30 -  18:00
Wednesday 08:30 -  18:00
Thursday 08:30 -  18:00
Friday 08:30 -  20:00
Saturday 08:30 -  20:00",2,"Kryva Lypa Passage, 3, Lviv, Lviv Oblast, 79000","49.84046, 24.026665",http://cukor.lviv.ua/,097 337 9356
МІФ,"restaurant;
food;
point_of_interest;
establishment","Sunday 12:00 -  22:30
Monday 16:00 -  22:30
Tuesday 16:00 -  22:30
Wednesday 16:00 -  22:30
Thursday 16:00 -  22:30
Friday 16:00 -  22:30
Saturday 12:00 -  22:30",,"Pekarska St, Lviv, Lviv Oblast, 79000","49.838047, 24.035458",https://myth.choiceqr.com/,098 238 9503
Spilka Bakery,"restaurant;
food;
point_of_interest;
establishment","Sunday 09:00 -  21:00
Monday 09:00 -  21:00
Tuesday 09:00 -  21:00
Wednesday 09:00 -  21:00
Thursday 09:00 -  21:00
Friday 09:00 -  21:00
Saturday 09:00 -  21:00",,"Viacheslava Chornovola Ave, 16е, Lviv, Lviv Oblast, 79019","49.85599, 24.02576",https://spilka.choiceqr.com/,097 690 3533
Salalat Угорська,"restaurant;
food;
point_of_interest;
establishment","Sunday 10:00 -  21:00
Monday 10:00 -  21:00
Tuesday 10:00 -  21:00
Wednesday 10:00 -  21:00
Thursday 10:00 -  21:00
Friday 10:00 -  21:00
Saturday 10:00 -  21:00",,"Uhorska St, 12, Lviv, Lviv Oblast, 79000","49.81132, 24.042276",https://salalat4.choiceqr.com/,063 887 5758
Ukrayinsʹke Podvir'ya,"bar;
restaurant;
point_of_interest;
food;
establishment","Sunday 10:00 -  21:30
Monday 10:00 -  21:30
Tuesday 10:00 -  21:30
Wednesday 10:00 -  21:30
Thursday 10:00 -  21:30
Friday 10:00 -  21:30
Saturday 10:00 -  21:30",2,"Mykhal'chuka St, 1, Lviv, Lviv Oblast, 79007","49.842808, 24.025536",http://ukrpodvirya.com/,098 476 0142
WA Coffee and Cocktails,"cafe;
bar;
store;
restaurant;
food;
point_of_interest;
establishment","Sunday 09:00 -  23:00
Monday 11:00 -  22:00
Tuesday 11:00 -  22:00
Wednesday 11:00 -  22:00
Thursday 11:00 -  22:00
Friday 09:00 -  23:00
Saturday 09:00 -  23:00",,"Kniazia Romana St, 7, Lviv, Lviv Oblast, 79000","49.83685, 24.03387",https://walviv.choiceqr.com/,093 341 8030
Borshch Ta Ryba,"restaurant;
food;
point_of_interest;
establishment","Sunday 10:00 -  22:00
Monday 10:00 -  22:00
Tuesday 10:00 -  22:00
Wednesday 10:00 -  22:00
Thursday 10:00 -  22:00
Friday 10:00 -  22:00
Saturday 10:00 -  22:00",,"Volodymyra Vynnychenka St, 3, Lviv, Lviv Oblast, 79000","49.839382, 24.035622",,068 508 0378
OM NOM NOM - Futura HUB,"restaurant;
food;
point_of_interest;
establishment",,2,"Kulparkivska St, 200a, Lviv, Lviv Oblast, 79000","49.8115, 23.983212",https://omnomnom-rymlyanyna.choiceqr.com/menu,063 567 3358
U N O,"cafe;
store;
food;
point_of_interest;
establishment","Sunday 09:00 -  21:00
Monday 09:00 -  21:00
Tuesday 09:00 -  21:00
Wednesday 09:00 -  21:00
Thursday 09:00 -  21:00
Friday 09:00 -  21:00
Saturday 09:00 -  21:00",,"Shpytalna St, Lviv, Lviv Oblast, 79000","49.844173, 24.024427",https://uno92.choiceqr.com/menu,095 000 1085
Churrasco grill & wine,"restaurant;
food;
point_of_interest;
establishment","Sunday 11:00 -  23:00
Monday 11:00 -  23:00
Tuesday 11:00 -  23:00
Wednesday 11:00 -  23:00
Thursday 11:00 -  23:00
Friday 11:00 -  23:00
Saturday 11:00 -  23:00",2,"Valova St, 15, Lviv, Lviv Oblast, 79000","49.840115, 24.033443",http://zarabudu.com.ua/,098 983 8898
WA Lviv restaurant,"restaurant;
cafe;
bar;
store;
food;
point_of_interest;
establishment","Sunday 09:00 -  23:00
Monday 11:00 -  22:00
Tuesday 11:00 -  22:00
Wednesday 11:00 -  22:00
Thursday 11:00 -  22:00
Friday 11:00 -  23:00
Saturday 09:00 -  23:00",,"Львів, Кн. Романа, 7, Kniazia Romana St, 7, Lviv, Lviv Oblast, 79000","49.836784, 24.033922",https://walviv.choiceqr.com/,093 341 8030
ЛІС BAR,"bar;
point_of_interest;
establishment","Sunday 13:00 - Monday 00:00
Monday 13:00 - Tuesday 00:00
Tuesday 13:00 - Wednesday 00:00
Wednesday 13:00 - Thursday 00:00
Thursday 13:00 - Friday 00:00
Friday 13:00 - Saturday 00:00
Saturday 13:00 - Sunday 00:00",,"Shevska St, 1, Lviv, Lviv Oblast, 79000","49.842022, 24.029835",http://lis.choiceqr.com/,097 374 7722
Gallery Night Club,"restaurant;
meal_delivery;
night_club;
bar;
food;
point_of_interest;
establishment","Sunday 12:00 -  23:00
Monday 12:00 -  23:00
Tuesday 12:00 -  23:00
Wednesday 12:00 -  23:00
Thursday 12:00 -  23:00
Friday 12:00 -  23:00
Saturday 12:00 -  23:00",2,"Svobody Ave, 16-18, Lviv, Lviv Oblast, 79000","49.84235, 24.028223",https://knightsgallerylviv.choiceqr.com/,097 486 0755
The old walls,"night_club;
bar;
restaurant;
food;
point_of_interest;
store;
establishment","Sunday 12:00 -  22:00
Monday 12:00 -  21:30
Tuesday 12:00 -  21:30
Wednesday 12:00 -  21:30
Thursday 12:00 -  21:30
Friday 12:00 -  22:30
Saturday 00:00 -  22:30",2,"Serbska St, 5, Lviv, Lviv Oblast, 79000","49.84106, 24.033133",https://starimury.choiceqr.com/,067 780 0013
Kim Kimchi Korean BBQ (Львів),"restaurant;
food;
point_of_interest;
establishment","Sunday 12:00 -  22:00
Monday 12:00 -  22:00
Tuesday 12:00 -  22:00
Wednesday 12:00 -  22:00
Thursday 12:00 -  22:00
Friday 12:00 -  22:00
Saturday 12:00 -  22:00",,"Lesi Ukrainky St, 14, Lviv, L'vivs'ka oblast, 79008","49.84371, 24.031073",https://kimkimchi-lviv.choiceqr.com/,093 852 2887
Restoratsiya Nad Tsukerneyu,"restaurant;
food;
point_of_interest;
establishment","Sunday 12:00 -  21:00
Monday 12:00 -  21:00
Tuesday 12:00 -  21:00
Wednesday 12:00 -  21:00
Thursday 12:00 -  21:00
Friday 12:00 -  21:00
Saturday 12:00 -  21:00",,"Staroievreiska St, 3, 2-Yy Poverkh, Lviv, Lviv Oblast, 79000","49.840458, 24.031143",https://cukiernia.choiceqr.com/online-menu,098 206 6517
"Kefalʹ, Restoran Rodom Z Odesy","restaurant;
food;
point_of_interest;
establishment","Sunday 09:30 -  22:00
Monday 09:30 -  22:00
Tuesday 09:30 -  22:00
Wednesday 09:30 -  22:00
Thursday 09:30 -  22:00
Friday 09:30 -  22:00
Saturday 09:30 -  22:00",,"Brativ Rohatyntsiv St, 5, Lviv, Lviv Oblast, 79000","49.84004, 24.03108",https://kefal.choiceqr.com/menu,063 245 4763
K-Food,"restaurant;
food;
point_of_interest;
establishment","Monday 12:00 -  21:00
Tuesday 12:00 -  21:00
Wednesday 12:00 -  21:00
Thursday 12:00 -  21:00
Friday 12:00 -  21:00
Saturday 12:00 -  21:00",2,"Tyktora St, 4, Lviv, Lviv Oblast, 79000","49.842552, 24.025452",https://koreankafemenu.netlify.app/#%D0%A7%D1%96%D0%B3%D0%B5,063 541 9317
ZARA BUDU,"meal_delivery;
bar;
restaurant;
food;
point_of_interest;
establishment","Sunday 11:00 -  21:00
Monday 11:00 -  21:00
Tuesday 11:00 -  21:00
Wednesday 11:00 -  21:00
Thursday 11:00 -  21:00
Friday 11:00 -  21:00
Saturday 11:00 -  21:00",,"Valova St, 15, Lviv, Lviv Oblast, 79000","49.84004, 24.033253",http://zarabudu.com.ua/,
"Королевские пицца , суши","bakery;
store;
food;
point_of_interest;
establishment",,,"Fonvizina St, Kharkiv, Kharkiv Oblast, 61000","49.944416, 36.27525",,
Mahazyn Shashlyku,"meal_delivery;
restaurant;
food;
point_of_interest;
establishment","Sunday 10:00 -  22:00
Monday 10:00 -  22:00
Tuesday 10:00 -  22:00
Wednesday 10:00 -  22:00
Thursday 10:00 -  22:00
Friday 10:00 -  22:00
Saturday 10:00 -  22:00",2,"Novyy Tsum, Knyahyni Ol'hy St, 106, Lviv, Lviv Oblast, 79060","49.80974, 23.998716",https://magazin-shashliku.choiceqr.com/,097 098 0105
BISCOTTI,"cafe;
bakery;
restaurant;
food;
point_of_interest;
store;
establishment","Sunday 10:00 -  20:00
Monday 09:00 -  20:00
Tuesday 09:00 -  20:00
Wednesday 09:00 -  20:00
Thursday 09:00 -  20:00
Friday 09:00 -  20:00
Saturday 09:00 -  20:00",2,"Lystopadovoho Chynu St, 14, Lviv, Lviv Oblast, 79000","49.8403, 24.01989",http://biscotti-group.com/,097 796 4046
Chef Knife,"restaurant;
cafe;
store;
food;
point_of_interest;
establishment","Sunday 10:00 -  22:00
Monday 10:00 -  22:00
Tuesday 10:00 -  22:00
Wednesday 10:00 -  22:00
Thursday 10:00 -  22:00
Friday 10:00 -  22:00
Saturday 10:00 -  22:00",2,"Taras Shevchenko St, 10, Novoiavorivsk, Lviv Oblast, 81053","49.93336, 23.5658",https://espresso-cafe-chef-knife.choiceqr.com/,096 356 5158
Grill Chicken,"meal_delivery;
restaurant;
food;
point_of_interest;
establishment","Sunday 10:00 -  22:00
Monday 10:00 -  22:00
Tuesday 10:00 -  22:00
Wednesday 10:00 -  22:00
Thursday 10:00 -  22:00
Friday 10:00 -  22:00
Saturday 10:00 -  22:00",,"Zamarstynivska St, 132, Lviv, Lviv Oblast, 79000","49.86208, 24.027018",https://grillchickendrive.choiceqr.com/,097 087 1002
Bakery Смілянська,"bakery;
store;
point_of_interest;
food;
establishment","Sunday 08:00 -  21:00
Monday 08:00 -  21:00
Tuesday 08:00 -  21:00
Wednesday 08:00 -  21:00
Thursday 08:00 -  21:00
Friday 08:00 -  21:00
Saturday 08:00 -  21:00",,"Smilyans'ka St, 96, Cherkasy, Cherkasy Oblast, 18000","49.42816, 32.04656",https://bakery-smilyanska.choiceqr.com/menu,073 458 4008
Red Pepper,"restaurant;
food;
point_of_interest;
establishment","Sunday 10:00 -  22:00
Monday 10:00 -  22:00
Tuesday 10:00 -  22:00
Wednesday 10:00 -  22:00
Thursday 10:00 -  22:00
Friday 10:00 -  22:00
Saturday 10:00 -  22:00",3,"Sichovykh Striltsiv St, 5, Lviv, Lviv Oblast, 79000","49.84078, 24.025103",https://redpepper.choiceqr.com/,068 320 3739
1708 pizza di Napoli,"restaurant;
food;
point_of_interest;
establishment","Sunday 10:00 -  22:00
Monday 09:00 -  22:00
Tuesday 09:00 -  22:00
Wednesday 09:00 -  22:00
Thursday 09:00 -  22:00
Friday 09:00 -  22:00
Saturday 10:00 -  22:00",,"Pid Holoskom St, 2а, Lviv, Lviv Oblast, 79000","49.869217, 24.012043",https://pidholosko-1708-pizza-di-napoli.choiceqr.com/,073 033 1708
Lʹvivsʹkyy Kish - Dostaka Kishiv U Lʹvovi,"bakery;
store;
food;
point_of_interest;
establishment","Sunday 09:00 -  20:00
Monday 09:00 -  20:00
Tuesday 09:00 -  20:00
Wednesday 09:00 -  20:00
Thursday 09:00 -  20:00
Friday 09:00 -  20:00
Saturday 09:00 -  20:00",,"Symona Petliury St, 11, Lviv, Lviv Oblast, 79000","49.823574, 23.980259",,098 666 0962
Mitte,"cafe;
bar;
bakery;
store;
food;
point_of_interest;
establishment","Sunday 08:00 -  20:30
Monday 08:00 -  20:30
Tuesday 08:00 -  20:30
Wednesday 08:00 -  20:30
Thursday 08:00 -  20:30
Friday 08:00 -  20:30
Saturday 08:00 -  20:30",,"Knyahyni Ol'hy St, 98B, Lviv, Lviv Oblast, 79053","49.81904, 24.003523",https://mitte.choiceqr.com/,067 010 1321
Miso - wok&roll,"restaurant;
meal_delivery;
food;
point_of_interest;
establishment","Sunday 12:00 -  22:00
Monday 12:00 -  22:00
Tuesday 12:00 -  22:00
Wednesday 12:00 -  22:00
Thursday 12:00 -  22:00
Friday 12:00 -  22:00
Saturday 12:00 -  22:00",,"Akademika Lyul'ky St, 4, Lviv, Lviv Oblast, 79019","49.84861, 24.02511",https://miso-sushi.choiceqr.com/online-menu,068 420 2402
Krymsʹka Perepichka Sadova,"cafe;
store;
food;
point_of_interest;
establishment","Monday 09:00 -  20:30
Tuesday 09:00 -  20:30
Wednesday 09:00 -  20:30
Thursday 09:00 -  20:30
Friday 09:00 -  20:30
Saturday 09:00 -  20:30",,"Sadova St, 2е, Lviv, Lviv Oblast, 79000","49.823208, 23.98492",https://crimeanbake.choiceqr.com/,096 624 0976
Рестобар FRESH,"cafe;
car_wash;
food;
point_of_interest;
establishment","Sunday 10:00 -  23:00
Monday 10:00 -  23:00
Tuesday 10:00 -  23:00
Wednesday 10:00 -  23:00
Thursday 10:00 -  23:00
Friday 10:00 -  23:00
Saturday 10:00 -  23:00",2,"Pasichna St, 148, Lviv, Lviv Oblast, 79032","49.808975, 24.077755",https://restobarfresh.choiceqr.com/?fbclid=PAAaaYQSCRo8o_u9tKnc9huPDIK669RwKqmaWw86ZAvJjKIIcVwxFHVxaLxWM,098 015 7587
Lviv coffee manufacture (Valova),"cafe;
store;
food;
point_of_interest;
establishment","Sunday 09:00 -  21:00
Monday 09:00 -  21:00
Tuesday 09:00 -  21:00
Wednesday 09:00 -  21:00
Thursday 09:00 -  21:00
Friday 09:00 -  21:00
Saturday 09:00 -  21:00",2,"Valova St, 16, Lviv, Lviv Oblast, 79000","49.839855, 24.033365",https://lvivska-manufaktura-kavi.choiceqr.com/,096 400 9008
Happy Bakery,"bakery;
cafe;
store;
restaurant;
food;
point_of_interest;
establishment","Sunday 08:00 -  21:00
Monday 08:00 -  21:00
Tuesday 08:00 -  21:00
Wednesday 08:00 -  21:00
Thursday 08:00 -  21:00
Friday 08:00 -  21:00
Saturday 08:00 -  21:00",,"Lesi Ukrainky St, 61, Lutsk, Volyn Oblast, 43000","50.745605, 25.32372",https://www.instagram.com/happybakery_bistro/,096 195 0721
Royal Brewery,"restaurant;
bar;
food;
point_of_interest;
establishment","Sunday 08:00 -  23:00
Monday 08:00 -  23:00
Tuesday 08:00 -  23:00
Wednesday 08:00 -  23:00
Thursday 08:00 -  23:00
Friday 08:00 -  23:00
Saturday 08:00 -  23:00",2,"Staroievreiska St, 9, Lviv, Lviv Oblast, 79000","49.840607, 24.032198",http://royal-brewery.com/,098 303 5472
Italian bakery,"cafe;
meal_delivery;
meal_takeaway;
bakery;
restaurant;
food;
point_of_interest;
store;
establishment","Sunday 09:00 - Monday 00:00
Monday 08:00 -  23:00
Tuesday 08:00 -  23:00
Wednesday 08:00 -  23:00
Thursday 08:00 -  23:00
Friday 08:00 -  23:00
Saturday 09:00 - Sunday 02:00",,"Krakivska St, 3, Lviv, Lviv Oblast, 79000","49.842464, 24.030169",https://www.facebook.com/italianbakerynew/,068 439 5489
One Shot Cafe,"cafe;
food;
point_of_interest;
establishment","Sunday 09:00 -  22:00
Monday 09:00 -  22:00
Tuesday 09:00 -  22:00
Wednesday 09:00 -  22:00
Thursday 09:00 -  22:00
Friday 09:00 -  22:00
Saturday 09:00 -  22:00",,"Stryiska St, 45а, Lviv, Lviv Oblast, 79000","49.802532, 24.019053",https://oneshotcafe.choiceqr.com/?fbclid=PAAaZCb5KvZ_DIs9e-gLVsuCEDqR1UIzGlN1A-HZT9hBYmpOCnm_9nY3ZEQek_aem_AYHu9jEtuylLzR85QJ9Cbsc5e1aoW5maxe6ySOEdDwKjI_GgBMw15n5KdP-_rHwWsNA,068 837 5751
Rest Public,"restaurant;
food;
point_of_interest;
establishment","Sunday 11:00 -  22:00
Monday 11:00 -  22:00
Tuesday 11:00 -  22:00
Wednesday 11:00 -  22:00
Thursday 11:00 -  22:00
Friday 11:00 -  22:00
Saturday 11:00 -  22:00",,"Kolomyiska St, 2, Lviv, Lviv Oblast, 79000","49.78777, 24.061111",https://restpublic.choiceqr.com/,096 174 5952
Honey. Cafe-confectionary,"cafe;
bakery;
store;
restaurant;
food;
point_of_interest;
establishment","Sunday 09:00 -  22:00
Monday 08:00 -  22:00
Tuesday 08:00 -  22:00
Wednesday 08:00 -  22:00
Thursday 08:00 -  22:00
Friday 08:00 -  22:00
Saturday 09:00 -  22:00",2,"Yaroslaviv Val St, 20, Kyiv, 01030","50.451035, 30.510265",https://honeykyiv.com/,067 352 6186
Той самий Баранчик,"restaurant;
food;
point_of_interest;
establishment","Sunday 12:00 -  23:00
Monday 12:00 -  23:00
Tuesday 12:00 -  23:00
Wednesday 12:00 -  23:00
Thursday 12:00 -  23:00
Friday 12:00 -  23:00
Saturday 12:00 -  23:00",,"Lazneva St, 3а, Lviv, Lviv Oblast, 79000","49.84574, 24.025917",https://barasheklviv.choiceqr.com/,067 589 5252
Ribs House | Ресторан-реберня,"restaurant;
food;
point_of_interest;
establishment","Sunday 12:00 -  23:00
Monday 12:00 -  22:00
Tuesday 12:00 -  22:00
Wednesday 12:00 -  22:00
Thursday 12:00 -  22:00
Friday 12:00 -  23:00
Saturday 12:00 -  23:00",,"Chervonoyi Kalyny Ave, 36, Lviv, Lviv Oblast, 79036","49.79826, 24.047106",https://ribshouse.choiceqr.com/online-menu,068 631 1681
Que Pasa Lviv,"bar;
point_of_interest;
establishment","Sunday 18:00 - Monday 11:00
Monday 18:00 - Tuesday 11:00
Tuesday 18:00 - Wednesday 11:00
Wednesday 18:00 - Thursday 11:00
Thursday 18:00 - Friday 11:00
Friday 18:00 - Saturday 11:00
Saturday 18:00 - Sunday 11:00",2,"Drukarska St, 12, Lviv, Lviv Oblast, 79000","49.843952, 24.03211",https://quepasalviv.choiceqr.com/,097 785 0171
Red Monkey · Ramen Shop,"restaurant;
food;
point_of_interest;
establishment","Sunday 12:00 -  21:00
Monday 12:00 -  21:00
Tuesday 12:00 -  21:00
Wednesday 12:00 -  21:00
Thursday 12:00 -  21:00
Friday 12:00 -  21:00
Saturday 12:00 -  21:00",,"Yana Zhyzhky St, 3, Lviv, Lviv Oblast, 79008","49.844257, 24.028717",https://red-monkey.choiceqr.com/,067 452 5141
Mangal Garden,"shopping_mall;
restaurant;
food;
point_of_interest;
establishment","Sunday 10:00 -  22:00
Monday 10:00 -  22:00
Tuesday 10:00 -  22:00
Wednesday 10:00 -  22:00
Thursday 10:00 -  22:00
Friday 10:00 -  22:00
Saturday 10:00 -  22:00",,"Kulparkivska St, 226а, Lviv, Lviv Oblast, 79000","49.807137, 23.978292",https://mangalgarden.choiceqr.com/?fbclid=PAAaY6c4lEZWFYQsVBeAEIAbEdrG-nOtiKUZwYmD9aPVGAf282-sgLmSc4wSA_aem_AUX_XKs1UZNbkkj8GhaohdzBpSzNzXQp4XebnURmbrgSQx3RSJCSgMOhvfZTnpxPQRQ,068 951 7807
Corks and Crumbs,"restaurant;
food;
point_of_interest;
establishment","Sunday 09:00 -  22:30
Monday 09:00 -  22:30
Tuesday 09:00 -  22:30
Wednesday 09:00 -  22:30
Thursday 09:00 -  22:30
Friday 09:00 -  22:30
Saturday 09:00 -  22:30",2,"Lesi Ukrainky St, 27, Lviv, Lviv Oblast, 79000","49.843773, 24.03152",http://korkitakrixti.choiceqr.com/,097 127 0560
OLD CITY ресторан піцерія,"restaurant;
bar;
cafe;
food;
point_of_interest;
establishment","Sunday 10:00 -  21:30
Monday 10:00 -  21:30
Tuesday 10:00 -  21:30
Wednesday 10:00 -  21:30
Thursday 10:00 -  21:30
Friday 10:00 -  21:30
Saturday 10:00 -  21:30",2,"Stepana Bandery St, 15, Sambir, Lviv Oblast, 81400","49.51765, 23.2042",https://oldcity.choiceqr.com/,093 379 0025
Honey.fish.sushi,"restaurant;
food;
point_of_interest;
establishment","Sunday 11:00 -  21:00
Monday 11:00 -  21:00
Tuesday 11:00 -  21:00
Wednesday 11:00 -  21:00
Thursday 11:00 -  21:00
Friday 11:00 -  21:00
Saturday 11:00 -  21:00",,"Perfets'koho St, 2, Lviv, Lviv Oblast, 79000","49.81383, 23.989008",https://honeyfish.choiceqr.com/,096 128 4316
Мезе&Wine,"cafe;
bar;
food;
point_of_interest;
establishment","Sunday 11:00 -  22:00
Monday 11:00 -  22:00
Tuesday 11:00 -  22:00
Wednesday 11:00 -  22:00
Thursday 11:00 -  22:00
Friday 11:00 -  22:00
Saturday 11:00 -  22:00",,"Yana Zhyzhky St, 7, Lviv, Lviv Oblast, 79000","49.844276, 24.029106",https://mezewine.choiceqr.com/,097 040 9026
Impero Cafe,"cafe;
store;
food;
point_of_interest;
establishment","Sunday 08:30 -  21:00
Monday 08:30 -  21:00
Tuesday 08:30 -  21:00
Wednesday 08:30 -  21:00
Thursday 08:30 -  21:00
Friday 08:30 -  21:00
Saturday 08:30 -  21:00",,"Kulparkivska St, 64а, Lviv, Lviv Oblast, 79041","49.826523, 23.989605",https://impero-cafe1.choiceqr.com/,067 898 9636
Restoran,"restaurant;
food;
point_of_interest;
establishment","Sunday 08:00 -  22:00
Monday 08:00 -  22:00
Tuesday 08:00 -  22:00
Wednesday 08:00 -  22:00
Thursday 08:00 -  22:00
Friday 08:00 -  22:00
Saturday 08:00 -  22:00",,"Viacheslava Chornovola Ave, 7, Lviv, Lviv Oblast, 79000","49.845806, 24.025034",https://hotel-lviv.com.ua/%D1%80%D0%B5%D1%81%D1%82%D0%BE%D1%80%D0%B0%D0%BD/,097 417 8631
BER NAR DYN Restaurant,"restaurant;
food;
point_of_interest;
establishment","Sunday 08:00 -  22:00
Monday 08:00 -  22:00
Tuesday 08:00 -  22:00
Wednesday 08:00 -  22:00
Thursday 08:00 -  22:00
Friday 08:00 -  22:00
Saturday 08:00 -  22:00",,"Soborna Square, 17, Lviv, Lviv Oblast, 79008","49.838936, 24.033728",https://bernardyn.choiceqr.com/,068 171 7198
SR coffee,"cafe;
store;
food;
point_of_interest;
establishment","Sunday 09:00 -  21:00
Monday 08:00 -  21:00
Tuesday 08:00 -  21:00
Wednesday 08:00 -  21:00
Thursday 08:00 -  21:00
Friday 08:00 -  21:00
Saturday 09:00 -  21:00",,"Truskavetska St, 2г, Lviv, Lviv Oblast, 79000","49.798763, 24.010832",https://www.srcoffee.com.ua/,096 233 5892
"Mood Mover , вул. Княгині Ольги, 98-В","cafe;
food;
point_of_interest;
establishment","Sunday 08:00 -  21:00
Monday 08:00 -  21:00
Tuesday 08:00 -  21:00
Wednesday 08:00 -  21:00
Thursday 08:00 -  21:00
Friday 08:00 -  21:00
Saturday 08:00 -  21:00",,"Knyahyni Ol'hy St, 98-В, Lviv, Lviv Oblast, 79000","49.819065, 24.003046",https://moodmover.choiceqr.com/takeaway,093 806 6376
Copper Dog Bar,"night_club;
bar;
point_of_interest;
establishment","Sunday 17:00 -  23:15
Wednesday 17:00 -  23:15
Thursday 17:00 -  23:15
Friday 17:00 -  23:55
Saturday 17:00 -  23:55",,"Krakivska St, 23, Lviv, Lviv Oblast, 79000","49.84404, 24.02954",https://www.instagram.com/bar.copper.dog/,067 360 7711
"Mr. ЧАРЛІ, КЛУБ-РЕСТОРАН","restaurant;
food;
point_of_interest;
establishment","Sunday 12:00 -  22:00
Monday 12:00 -  22:00
Tuesday 11:00 -  22:00
Wednesday 11:00 -  22:00
Thursday 11:00 -  22:00
Friday 11:00 -  22:00
Saturday 11:00 -  22:00",,"Zavods'ka St, 30, Khmelnytskyi, Khmel'nyts'ka oblast, 29000","49.41698, 27.01659",https://mr-charli.choiceqr.com/,067 381 0793
Holy Taco,"restaurant;
food;
point_of_interest;
establishment","Sunday 12:00 -  22:00
Monday 12:00 -  22:00
Tuesday 12:00 -  22:00
Wednesday 12:00 -  22:00
Thursday 12:00 -  22:00
Friday 12:00 -  22:00
Saturday 12:00 -  22:00",,"Vovchynetska St, 219, Ivano-Frankivsk, Ivano-Frankivsk Oblast, 76000","48.937286, 24.735504",https://holytaco.choiceqr.com/,
Hruzynsʹkyy,"restaurant;
food;
point_of_interest;
establishment","Sunday 12:00 -  22:00
Monday 12:00 -  22:00
Tuesday 12:00 -  22:00
Wednesday 12:00 -  22:00
Thursday 12:00 -  22:00
Friday 12:00 -  23:00
Saturday 12:00 -  23:00",,"Pavla Kovzhuna St, 2, Lviv, Lviv Oblast, 79000","49.837994, 24.029146",https://georgian.choiceqr.com/,093 562 3550
Syayvo,"bar;
point_of_interest;
establishment","Sunday 12:00 -  22:00
Monday 12:00 -  22:00
Tuesday 12:00 -  22:00
Wednesday 12:00 -  22:00
Thursday 12:00 -  23:00
Friday 12:00 -  23:00
Saturday 12:00 -  23:00",,"Akademika Hnatyuka St, 2, Lviv, Lviv Oblast, 79000","49.841366, 24.027054",https://siaivo.choiceqr.com/,093 645 7707
Прутень,"bakery;
store;
food;
point_of_interest;
establishment","Sunday 12:00 -  23:00
Monday 12:00 -  23:00
Tuesday 12:00 -  23:00
Wednesday 12:00 -  23:00
Thursday 12:00 -  23:00
Friday 12:00 -  23:00
Saturday 12:00 -  23:00",,"Virmens'ka St, 35, Lviv, Lviv Oblast, 79000","49.84319, 24.03395",https://pruten.choiceqr.com/,
Kazzka,"restaurant;
food;
point_of_interest;
establishment","Sunday 11:00 -  22:30
Monday 11:00 -  22:30
Wednesday 11:00 -  22:30
Thursday 11:00 -  22:30
Friday 11:00 -  22:30
Saturday 11:00 -  22:30",2,"33/1, Lesi Ukrainky St, Lviv, Lviv Oblast, 79000","49.843746, 24.032064",http://kazzka-menu.choiceqr.com/delivery,097 127 0560
Vuyko Sem,"bar;
restaurant;
food;
point_of_interest;
establishment","Sunday 12:00 -  23:00
Monday 12:00 -  23:00
Tuesday 12:00 -  23:00
Wednesday 12:00 -  23:00
Thursday 12:00 -  23:00
Friday 12:00 -  23:00
Saturday 12:00 -  23:00",2,"Brativ Rohatyntsiv St, 23, Lviv, Lviv Oblast, 79000","49.840363, 24.032839",https://vuykosam.choiceqr.com/,097 450 7077
Knyazev caffe,"cafe;
store;
food;
point_of_interest;
establishment","Sunday 08:00 -  22:00
Monday 08:00 -  22:00
Tuesday 08:00 -  22:00
Wednesday 08:00 -  22:00
Thursday 08:00 -  22:00
Friday 08:00 -  22:00
Saturday 08:00 -  22:00",,"Akademika Hnatyuka St, 15, Lviv, Lviv Oblast, 79000","49.841633, 24.024055",https://knyazev-caffe.choiceqr.com/,
Буфет,"bar;
point_of_interest;
establishment",,,"Petra Doroshenka St, Lviv, Lviv Oblast, 79000","49.838383, 24.023726",,
Siesta,"restaurant;
food;
point_of_interest;
establishment","Sunday 10:00 -  22:00
Monday 10:00 -  22:00
Tuesday 10:00 -  22:00
Wednesday 10:00 -  22:00
Thursday 10:00 -  22:00
Friday 10:00 -  22:00
Saturday 10:00 -  22:00",,"Vulytsya 50-Richchya Upa, 5, Novoiavorivsk, Lviv Oblast, 81054","49.929573, 23.565094",https://siesta373.choiceqr.com/,097 412 4005
Secret Bar Lviv,"night_club;
bar;
restaurant;
food;
point_of_interest;
establishment","Sunday 14:00 -  23:00
Monday 14:00 -  23:00
Tuesday 14:00 -  23:00
Wednesday 14:00 -  23:00
Thursday 14:00 -  23:00
Friday 14:00 -  23:00
Saturday 14:00 -  23:00",,"Mykoly Kopernyka St, 16, Lviv, Lviv Oblast, 79000","49.83885, 24.026316",http://instagram.com/secretbarlviv,096 996 9062
Ресторан Mon Chef,"restaurant;
food;
point_of_interest;
establishment","Sunday 08:00 -  23:00
Monday 08:00 -  23:00
Tuesday 08:00 -  23:00
Wednesday 08:00 -  23:00
Thursday 08:00 -  23:00
Friday 08:00 -  23:00
Saturday 08:00 -  23:00",4,"Horodotska St, 15, Lviv, Lviv Oblast, 79007","49.843647, 24.024021",https://monchef.com.ua/,050 372 8291
Aziysʹkyy,"restaurant;
food;
point_of_interest;
establishment","Sunday 12:00 -  22:00
Monday 12:00 -  21:00
Tuesday 12:00 -  21:00
Wednesday 12:00 -  21:00
Thursday 12:00 -  21:00
Friday 12:00 -  22:00
Saturday 12:00 -  22:00",,"Sichovykh Striltsiv St, 8, Lviv, Lviv Oblast, 79000","49.840633, 24.024363",https://asianrestaurant.choiceqr.com/,093 508 9680
Harni Lyudy,"restaurant;
food;
point_of_interest;
establishment","Sunday 10:00 -  22:00
Monday 10:00 -  22:00
Tuesday 10:00 -  22:00
Wednesday 10:00 -  22:00
Thursday 10:00 -  22:00
Friday 10:00 -  22:00
Saturday 10:00 -  22:00",,"Yaneva St, 10, Lviv, Lviv Oblast, 79004","49.81196, 24.012407",https://garniludy.choiceqr.com/,096 862 6464
Meat and Justice,"bar;
restaurant;
food;
point_of_interest;
establishment","Sunday 11:00 -  22:30
Monday 12:00 -  22:30
Tuesday 12:00 -  22:30
Wednesday 12:00 -  22:30
Thursday 12:00 -  22:30
Friday 12:00 -  22:30
Saturday 11:00 -  22:30",2,"Valova St, 20, Lviv, Lviv Oblast, 79000","49.840343, 24.035608",https://www.facebook.com/meatandjustice,050 430 2826
La Familiya Lviv Spartak,"restaurant;
food;
point_of_interest;
establishment","Sunday 10:00 -  22:00
Monday 10:00 -  22:00
Tuesday 10:00 -  22:00
Wednesday 10:00 -  22:00
Thursday 10:00 -  22:00
Friday 10:00 -  22:00
Saturday 10:00 -  22:00",2,"Hetmana Mazepy St, 1Б, Lviv, Lviv Oblast, 79068","49.869976, 24.023148",https://la-famiglia-spartak.business.site/?utm_source=gmb&utm_medium=referral,097 528 5373
"Restoran ""Ustrytsya I Bohrach""","restaurant;
food;
point_of_interest;
establishment","Sunday 09:00 -  23:00
Monday 09:00 -  23:00
Tuesday 09:00 -  23:00
Wednesday 09:00 -  23:00
Thursday 09:00 -  23:00
Friday 09:00 -  23:00
Saturday 09:00 -  23:00",,"Holubyne, Zakarpattia Oblast, 89320","48.587734, 22.976278",https://ustrytsya-bohrach.choiceqr.com/online-menu?fbclid=PAAaZpa2J5DWB1Jw6LbiUoq6HL_nVMsYcDzg5kHB2MzCKJiazf9S5dOmsWrbI_aem_AfbZ--faeL0uTCip7PpIcax6P1fxc-Fs1BLWi11N3QI_geGkIC25oeflxY6oZAFWMpc,095 888 7583
Seven piggies,"restaurant;
food;
point_of_interest;
establishment","Sunday 11:00 -  21:30
Monday 11:00 -  21:30
Tuesday 11:00 -  21:30
Wednesday 11:00 -  21:30
Thursday 11:00 -  21:30
Friday 11:00 -  22:00
Saturday 11:00 -  22:00",2,"Stepana Bandery St, 9, Lviv, Lviv Oblast, 79000","49.8345, 24.017324",https://7piggies.choiceqr.com/,096 117 7555
MAREVO,"restaurant;
food;
point_of_interest;
establishment","Sunday 11:00 -  22:30
Monday 11:00 -  22:30
Tuesday 11:00 -  22:30
Wednesday 11:00 -  22:30
Thursday 11:00 -  22:30
Friday 11:00 -  22:30
Saturday 11:00 -  22:30",2,"Virmens'ka St, 5, Lviv, Lviv Oblast, 79000","49.843094, 24.03034",https://marevo.choiceqr.com/,068 707 6208
Burger&Meat,"restaurant;
food;
point_of_interest;
establishment","Sunday 10:00 -  22:00
Monday 10:00 -  22:00
Tuesday 10:00 -  22:00
Wednesday 10:00 -  22:00
Thursday 10:00 -  22:00
Friday 10:00 -  22:00
Saturday 10:00 -  22:00",,"вулиця Стрийська, 30 ТРЦ King Cross Leopolis, Sokilnyky, Lviv Oblast, 81130","49.773514, 24.009918",,096 933 9320
Sushi,"restaurant;
food;
point_of_interest;
establishment",,,"Brativ Rohatyntsiv St, 5, Lviv, Lviv Oblast, 79000","49.839996, 24.031076",,
5 кілометр,"restaurant;
food;
point_of_interest;
establishment","Sunday 11:00 -  23:00
Tuesday 11:00 -  23:00
Wednesday 11:00 -  23:00
Thursday 11:00 -  23:00
Friday 11:00 -  23:00
Saturday 11:00 -  23:00",2,"Pidvolochys'ke Hwy, 5 км, Smykivtsi, Ternopil Oblast, 46002","49.53394, 25.695303",https://5-kilometr.choiceqr.com/,096 528 5994
Express Buffet. Many dishes-one price.,"restaurant;
food;
point_of_interest;
establishment","Sunday 10:00 -  22:00
Monday 10:00 -  22:00
Tuesday 10:00 -  22:00
Wednesday 10:00 -  22:00
Thursday 10:00 -  22:00
Friday 10:00 -  22:00
Saturday 10:00 -  22:00",,"Stryiska St, 30 Lviv Oblast 81130, Lviv Oblast, 81130","49.77297, 24.010656",https://instagram.com/express_buffet_lviv,097 313 8657
Гаряча Чаша,"bar;
point_of_interest;
establishment","Sunday 13:00 -  23:30
Monday 13:00 -  23:30
Tuesday 13:00 -  23:30
Wednesday 13:00 -  23:30
Thursday 13:00 -  23:30
Friday 13:00 -  23:30
Saturday 13:00 -  23:30",,"Ruska St, 4, Lviv, Lviv Oblast, 79008","49.841568, 24.03309",https://garia4a4asha.choiceqr.com/,097 961 0440
Tante Sophie Càfe Escargot,"restaurant;
food;
point_of_interest;
establishment","Sunday 10:00 -  23:00
Monday 10:00 -  23:00
Tuesday 10:00 -  23:00
Wednesday 10:00 -  23:00
Thursday 10:00 -  23:00
Friday 10:00 -  23:00
Saturday 10:00 -  23:00",3,"Drukarska St, 6А, Lviv, Lviv Oblast, 79000","49.843616, 24.032156",https://tantesophie.choiceqr.com/,098 095 8129
BISTRO/CAFE EQUATOR,"cafe;
food;
point_of_interest;
establishment","Sunday 09:00 -  22:00
Monday 09:00 -  22:00
Tuesday 09:00 -  22:00
Wednesday 09:00 -  22:00
Thursday 09:00 -  22:00
Friday 09:00 -  22:00
Saturday 09:00 -  22:00",,"вулиця дружби, Shehyni, Lviv Oblast, 81321","49.79869, 22.952856",https://bistro-kafe-equator.choiceqr.com/,098 723 3223
Кав'ярня Zefirka Coffee | Суші та піца ГАЙСИН,"cafe;
bakery;
store;
restaurant;
food;
point_of_interest;
establishment","Sunday 09:00 -  22:00
Monday 09:00 -  22:00
Tuesday 09:00 -  22:00
Wednesday 09:00 -  22:00
Thursday 09:00 -  22:00
Friday 09:00 -  22:00
Saturday 09:00 -  22:00",2,"Vulytsya 1-Ho Travnya, 69-з, Haisyn, Vinnytsia Oblast, 23700","48.811028, 29.391058",https://zefirkacoffee.choiceqr.com/,097 005 0706
Другий поверх,"cafe;
food;
point_of_interest;
establishment","Sunday 12:00 -  23:00
Monday 12:00 -  22:00
Tuesday 12:00 -  22:00
Wednesday 12:00 -  22:00
Thursday 12:00 -  22:00
Friday 12:00 -  23:00
Saturday 12:00 -  23:00",,"Stefana Yavorskoho Square, 1, Lviv, Lviv Oblast, 79000","49.841885, 24.02977",https://instagram.com/2_poverh?igshid=OGQ5ZDc2ODk2ZA==,
Restoratsiya Kukhnya,"restaurant;
food;
point_of_interest;
establishment","Sunday 10:00 -  23:00
Monday 09:00 -  22:00
Tuesday 09:00 -  22:00
Wednesday 09:00 -  22:00
Thursday 09:00 -  22:00
Friday 09:00 -  23:00
Saturday 10:00 -  23:00",2,"Sichovykh Stril'tsiv St, 41, Ivano-Frankivsk, Ivano-Frankivsk Oblast, 76000","48.918903, 24.713085",https://restauracjakuchnia.choiceqr.com/,050 255 1100
Wabi-Sabi Lviv,"cafe;
restaurant;
food;
point_of_interest;
establishment","Sunday 09:00 -  21:00
Monday 09:00 -  21:00
Tuesday 09:00 -  21:00
Wednesday 09:00 -  21:00
Thursday 09:00 -  21:00
Friday 09:00 -  21:00
Saturday 09:00 -  21:00",,"Furmanska St, 1, Lviv, Lviv Oblast, 79007","49.843452, 24.02513",https://wabisabi-lviv.choiceqr.com/,097 475 5954
Vohenʹ Kebab,"meal_delivery;
restaurant;
food;
point_of_interest;
establishment","Sunday 10:00 -  22:00
Monday 10:00 -  22:00
Tuesday 10:00 -  22:00
Wednesday 10:00 -  22:00
Thursday 10:00 -  22:00
Friday 10:00 -  22:00
Saturday 10:00 -  22:00",,"Panteleimona Kulisha St, 13, Lviv, Lviv Oblast, 79000","49.84595, 24.023987",https://vogen.choiceqr.com/?fbclid=PAAabUJ7HspxaxZcaNzLXOFFh5GtaJw2diZ0-6_-wK5BhTTmZmWbpp-__XW1s,067 105 9911
Grande Pizzeria,"meal_delivery;
meal_takeaway;
bar;
cafe;
restaurant;
food;
point_of_interest;
establishment","Sunday 11:00 -  22:00
Monday 11:00 -  21:00
Tuesday 11:00 -  21:00
Wednesday 11:00 -  21:00
Thursday 11:00 -  21:00
Friday 11:00 -  21:00
Saturday 11:00 -  22:00",2,"Mykhaila Mulyka St, 21, Ivano-Frankivsk, Ivano-Frankivsk Oblast, 76000","48.924095, 24.719885",https://grandepizzeria.choiceqr.com/,099 634 4222
Cukiernia,"cafe;
bakery;
store;
restaurant;
food;
point_of_interest;
establishment","Sunday 08:30 -  22:00
Monday 09:00 -  22:00
Tuesday 09:00 -  22:00
Wednesday 09:00 -  22:00
Thursday 09:00 -  22:00
Friday 09:00 -  22:00
Saturday 08:30 -  22:00",3,"Staroievreiska St, 3, Lviv, Lviv Oblast, 79000","49.840458, 24.031143",https://cukiernia.choiceqr.com/,
Zashkvarka,"restaurant;
food;
point_of_interest;
establishment","Sunday 11:00 -  21:00
Monday 11:00 -  21:00
Tuesday 11:00 -  21:00
Wednesday 11:00 -  21:00
Thursday 11:00 -  21:00
Friday 11:00 -  21:00
Saturday 11:00 -  21:00",,"Pekarska St, 2, Lviv, Lviv Oblast, 79008","49.837997, 24.035583",https://zashkvarka.choiceqr.com/,093 381 8703
